Age,Income($)
37.75,65500.0
28.4,49300.0
38.285714285714285,150000.0
36.333333333333336,84000.0
32.0,59666.666666666664
