sepal length (cm),sepal width (cm)
6.046969696969697,2.8136363636363635
5.014035087719298,3.312280701754386
7.096296296296296,3.1148148148148147
