Age,Income($)
38.285714285714285,150000.0
33.2,62633.333333333336
