Age,Income($)
35.285714285714285,63000.0
28.4,49300.0
38.285714285714285,150000.0
36.333333333333336,84000.0
