Age,Income($)
27.0,70000.0
28.0,49500.0
39.5,161000.0
29.0,90000.0
32.0,53000.0
39.0,153666.66666666666
40.0,81000.0
26.0,45000.0
36.666666666666664,61833.333333333336
36.0,133500.0
