Age,Income($)
36.5,75166.66666666667
31.0,54277.77777777778
38.285714285714285,150000.0
